[
    {
        "role_name": "\u0e56\u03b6\u035c\u0361Gliese",
        "role_id": 893542791706210385,
        "emoji": "\ud83d\udca9",
        "message_id": 894164716631498762
    },
    {
        "role_name": "TRANSLATORS",
        "role_id": 893543741942534174,
        "emoji": "\ud83d\udca9",
        "message_id": 894164845593776138
    },
    {
        "role_name": "_",
        "role_id": 893542842633453618,
        "emoji": "\ud83d\udca9",
        "message_id": 894191061956718612
    }
]